{
	"partitions" : [
		{
			"name" : "Top",
			"pins" : [
				{
					"name" : "iniciou",
					"strict" : false
				},
				{
					"name" : "acabou",
					"strict" : false
				},
				{
					"name" : "dado[0]",
					"strict" : false
				},
				{
					"name" : "dado[1]",
					"strict" : false
				},
				{
					"name" : "dado[2]",
					"strict" : false
				},
				{
					"name" : "dado[3]",
					"strict" : false
				},
				{
					"name" : "dado[4]",
					"strict" : false
				},
				{
					"name" : "dado[5]",
					"strict" : false
				},
				{
					"name" : "dado[6]",
					"strict" : false
				},
				{
					"name" : "dado[7]",
					"strict" : false
				},
				{
					"name" : "dado[8]",
					"strict" : false
				},
				{
					"name" : "dado[9]",
					"strict" : false
				},
				{
					"name" : "dado[10]",
					"strict" : false
				},
				{
					"name" : "dado[11]",
					"strict" : false
				},
				{
					"name" : "clk_wr",
					"strict" : false
				},
				{
					"name" : "data[0]",
					"strict" : false
				},
				{
					"name" : "data[1]",
					"strict" : false
				},
				{
					"name" : "data[2]",
					"strict" : false
				},
				{
					"name" : "data[3]",
					"strict" : false
				},
				{
					"name" : "clock",
					"strict" : false
				},
				{
					"name" : "reset",
					"strict" : false
				},
				{
					"name" : "clock_50M",
					"strict" : false
				},
				{
					"name" : "data[52]",
					"strict" : false
				},
				{
					"name" : "data[40]",
					"strict" : false
				},
				{
					"name" : "data[28]",
					"strict" : false
				},
				{
					"name" : "data[16]",
					"strict" : false
				},
				{
					"name" : "data[4]",
					"strict" : false
				},
				{
					"name" : "data[53]",
					"strict" : false
				},
				{
					"name" : "data[41]",
					"strict" : false
				},
				{
					"name" : "data[29]",
					"strict" : false
				},
				{
					"name" : "data[17]",
					"strict" : false
				},
				{
					"name" : "data[5]",
					"strict" : false
				},
				{
					"name" : "data[54]",
					"strict" : false
				},
				{
					"name" : "data[42]",
					"strict" : false
				},
				{
					"name" : "data[30]",
					"strict" : false
				},
				{
					"name" : "data[18]",
					"strict" : false
				},
				{
					"name" : "data[6]",
					"strict" : false
				},
				{
					"name" : "data[55]",
					"strict" : false
				},
				{
					"name" : "data[43]",
					"strict" : false
				},
				{
					"name" : "data[31]",
					"strict" : false
				},
				{
					"name" : "data[19]",
					"strict" : false
				},
				{
					"name" : "data[7]",
					"strict" : false
				},
				{
					"name" : "data[56]",
					"strict" : false
				},
				{
					"name" : "data[44]",
					"strict" : false
				},
				{
					"name" : "data[32]",
					"strict" : false
				},
				{
					"name" : "data[20]",
					"strict" : false
				},
				{
					"name" : "data[8]",
					"strict" : false
				},
				{
					"name" : "data[57]",
					"strict" : false
				},
				{
					"name" : "data[45]",
					"strict" : false
				},
				{
					"name" : "data[33]",
					"strict" : false
				},
				{
					"name" : "data[21]",
					"strict" : false
				},
				{
					"name" : "data[9]",
					"strict" : false
				},
				{
					"name" : "data[58]",
					"strict" : false
				},
				{
					"name" : "data[46]",
					"strict" : false
				},
				{
					"name" : "data[34]",
					"strict" : false
				},
				{
					"name" : "data[22]",
					"strict" : false
				},
				{
					"name" : "data[10]",
					"strict" : false
				},
				{
					"name" : "data[59]",
					"strict" : false
				},
				{
					"name" : "data[47]",
					"strict" : false
				},
				{
					"name" : "data[35]",
					"strict" : false
				},
				{
					"name" : "data[23]",
					"strict" : false
				},
				{
					"name" : "data[11]",
					"strict" : false
				},
				{
					"name" : "data[60]",
					"strict" : false
				},
				{
					"name" : "data[48]",
					"strict" : false
				},
				{
					"name" : "data[36]",
					"strict" : false
				},
				{
					"name" : "data[24]",
					"strict" : false
				},
				{
					"name" : "data[12]",
					"strict" : false
				},
				{
					"name" : "data[61]",
					"strict" : false
				},
				{
					"name" : "data[49]",
					"strict" : false
				},
				{
					"name" : "data[37]",
					"strict" : false
				},
				{
					"name" : "data[25]",
					"strict" : false
				},
				{
					"name" : "data[13]",
					"strict" : false
				},
				{
					"name" : "data[62]",
					"strict" : false
				},
				{
					"name" : "data[50]",
					"strict" : false
				},
				{
					"name" : "data[38]",
					"strict" : false
				},
				{
					"name" : "data[26]",
					"strict" : false
				},
				{
					"name" : "data[14]",
					"strict" : false
				},
				{
					"name" : "data[63]",
					"strict" : false
				},
				{
					"name" : "data[51]",
					"strict" : false
				},
				{
					"name" : "data[39]",
					"strict" : false
				},
				{
					"name" : "data[27]",
					"strict" : false
				},
				{
					"name" : "data[15]",
					"strict" : false
				}
			]
		}
	]
}