{
	"partitions" : [
		{
			"name" : "Top",
			"pins" : [
				{
					"name" : "cs",
					"strict" : false
				},
				{
					"name" : "sclk",
					"strict" : false
				},
				{
					"name" : "mosi",
					"strict" : false
				},
				{
					"name" : "clk",
					"strict" : false
				},
				{
					"name" : "miso",
					"strict" : false
				},
				{
					"name" : "reset",
					"strict" : false
				},
				{
					"name" : "start",
					"strict" : false
				}
			]
		}
	]
}