{
	"partitions" : [
		{
			"name" : "Top",
			"pins" : [
				{
					"name" : "HSYNC",
					"strict" : false
				},
				{
					"name" : "VSYNC",
					"strict" : false
				},
				{
					"name" : "RED[0]",
					"strict" : false
				},
				{
					"name" : "RED[1]",
					"strict" : false
				},
				{
					"name" : "RED[2]",
					"strict" : false
				},
				{
					"name" : "RED[3]",
					"strict" : false
				},
				{
					"name" : "GREEN[0]",
					"strict" : false
				},
				{
					"name" : "GREEN[1]",
					"strict" : false
				},
				{
					"name" : "GREEN[2]",
					"strict" : false
				},
				{
					"name" : "GREEN[3]",
					"strict" : false
				},
				{
					"name" : "BLUE[0]",
					"strict" : false
				},
				{
					"name" : "BLUE[1]",
					"strict" : false
				},
				{
					"name" : "BLUE[2]",
					"strict" : false
				},
				{
					"name" : "BLUE[3]",
					"strict" : false
				},
				{
					"name" : "reset",
					"strict" : false
				},
				{
					"name" : "clk",
					"strict" : false
				},
				{
					"name" : "Serial_in",
					"strict" : false
				}
			]
		}
	]
}